model,accuracy,precision_weighted,recall_weighted,f1_weighted,roc_auc_weighted
DecisionTree,1.0,1.0,1.0,1.0,1.0
RandomForest,1.0,1.0,1.0,1.0,1.0
XGBoost,0.998,0.998,0.998,0.998,0.9999916502551609
LightGBM,0.997,0.9972477064220184,0.997,0.9970982817869416,0.9999944335034406
LogisticRegression,0.936,0.9392983157193684,0.936,0.9369347361745531,0.9912433576716492
